,estacion,total,total,total,total,total,total,total,total,total,total,total,total,total,total,total,total,total,total,total,total,total,total,total,total,total,total,total,total,total,total,total,total,total,total,total,total,total,total,total,total,total,total,total,total,total,total,total,total,total,total,total,total,total,total,total,total,total,total,total,total,total,total,total,total,total,total,total,total,total,total,total,total,total,total,Linea
desde,,2018-04-10 05:30:00,2018-04-10 05:45:00,2018-04-10 06:00:00,2018-04-10 06:15:00,2018-04-10 06:30:00,2018-04-10 06:45:00,2018-04-10 07:00:00,2018-04-10 07:15:00,2018-04-10 07:30:00,2018-04-10 07:45:00,2018-04-10 08:00:00,2018-04-10 08:15:00,2018-04-10 08:30:00,2018-04-10 08:45:00,2018-04-10 09:00:00,2018-04-10 09:15:00,2018-04-10 09:30:00,2018-04-10 09:45:00,2018-04-10 10:00:00,2018-04-10 10:15:00,2018-04-10 10:30:00,2018-04-10 10:45:00,2018-04-10 11:00:00,2018-04-10 11:15:00,2018-04-10 11:30:00,2018-04-10 11:45:00,2018-04-10 12:00:00,2018-04-10 12:15:00,2018-04-10 12:30:00,2018-04-10 12:45:00,2018-04-10 13:00:00,2018-04-10 13:15:00,2018-04-10 13:30:00,2018-04-10 13:45:00,2018-04-10 14:00:00,2018-04-10 14:15:00,2018-04-10 14:30:00,2018-04-10 14:45:00,2018-04-10 15:00:00,2018-04-10 15:15:00,2018-04-10 15:30:00,2018-04-10 15:45:00,2018-04-10 16:00:00,2018-04-10 16:15:00,2018-04-10 16:30:00,2018-04-10 16:45:00,2018-04-10 17:00:00,2018-04-10 17:15:00,2018-04-10 17:30:00,2018-04-10 17:45:00,2018-04-10 18:00:00,2018-04-10 18:15:00,2018-04-10 18:30:00,2018-04-10 18:45:00,2018-04-10 19:00:00,2018-04-10 19:15:00,2018-04-10 19:30:00,2018-04-10 19:45:00,2018-04-10 20:00:00,2018-04-10 20:15:00,2018-04-10 20:30:00,2018-04-10 20:45:00,2018-04-10 21:00:00,2018-04-10 21:15:00,2018-04-10 21:30:00,2018-04-10 21:45:00,2018-04-10 22:00:00,2018-04-10 22:15:00,2018-04-10 22:30:00,2018-04-10 22:45:00,2018-04-10 23:00:00,2018-04-10 23:15:00,2018-04-10 23:30:00,2018-04-10 23:45:00,
0,9 de julio,8.0,14.0,30.0,47.0,79.0,120.0,161.0,185.0,166.0,192.0,286.0,386.0,391.0,333.0,294.0,319.0,391.0,317.0,285.0,322.0,309.0,382.0,344.0,324.0,394.0,357.0,421.0,481.0,473.0,437.0,413.0,469.0,494.0,402.0,463.0,408.0,467.0,460.0,566.0,574.0,457.0,455.0,570.0,554.0,476.0,495.0,680.0,616.0,565.0,608.0,846.0,656.0,555.0,501.0,429.0,362.0,293.0,254.0,202.0,163.0,133.0,118.0,149.0,104.0,91.0,97.0,92.0,65.0,37.0,33.0,12.0,13.0,0.0,0.0,D
1,Acoyte,40.0,33.0,94.0,144.0,220.0,364.0,524.0,766.0,804.0,765.0,909.0,998.0,867.0,975.0,955.0,982.0,887.0,774.0,695.0,629.0,614.0,543.0,585.0,528.0,619.0,567.0,676.0,647.0,603.0,690.0,676.0,615.0,578.0,549.0,553.0,582.0,515.0,521.0,481.0,524.0,516.0,491.0,547.0,535.0,490.0,478.0,632.0,559.0,675.0,595.0,596.0,547.0,598.0,444.0,483.0,420.0,378.0,369.0,453.0,355.0,307.0,204.0,277.0,206.0,205.0,172.0,166.0,132.0,87.0,61.0,27.0,2.0,0.0,0.0,A
2,Aguero,18.0,26.0,66.0,78.0,134.0,246.0,395.0,572.0,673.0,633.0,681.0,728.0,734.0,640.0,670.0,583.0,599.0,529.0,497.0,448.0,414.0,413.0,413.0,425.0,451.0,471.0,471.0,446.0,502.0,458.0,502.0,457.0,463.0,408.0,476.0,504.0,416.0,395.0,421.0,445.0,422.0,470.0,525.0,545.0,521.0,491.0,622.0,527.0,576.0,505.0,622.0,498.0,511.0,455.0,435.0,422.0,397.0,352.0,399.0,340.0,259.0,266.0,266.0,172.0,186.0,127.0,136.0,66.0,62.0,52.0,33.0,15.0,0.0,0.0,D
3,Alberti,11.0,8.0,23.0,21.0,40.0,50.0,79.0,107.0,103.0,106.0,91.0,128.0,130.0,99.0,150.0,115.0,122.0,115.0,128.0,145.0,156.0,137.0,176.0,166.0,186.0,193.0,264.0,260.0,213.0,194.0,215.0,229.0,256.0,207.0,285.0,235.0,206.0,225.0,239.0,266.0,242.0,319.0,266.0,257.0,299.0,296.0,344.0,263.0,259.0,259.0,338.0,295.0,304.0,296.0,285.0,275.0,249.0,177.0,293.0,200.0,181.0,133.0,205.0,130.0,83.0,81.0,86.0,46.0,27.0,35.0,21.0,4.0,0.0,0.0,A
4,Angel Gallardo,34.0,49.0,98.0,121.0,214.0,309.0,514.0,648.0,875.0,924.0,1058.0,1045.0,961.0,946.0,998.0,1037.0,880.0,798.0,739.0,660.0,605.0,639.0,708.0,658.0,573.0,599.0,672.0,742.0,685.0,636.0,792.0,689.0,665.0,586.0,578.0,624.0,620.0,528.0,534.0,608.0,511.0,462.0,575.0,630.0,602.0,519.0,582.0,615.0,613.0,603.0,773.0,693.0,707.0,481.0,555.0,495.0,342.0,303.0,379.0,337.0,296.0,287.0,317.0,242.0,191.0,173.0,183.0,158.0,104.0,66.0,46.0,12.0,2.0,0.0,B
5,Avenida La Plata,20.0,28.0,49.0,59.0,102.0,172.0,281.0,398.0,373.0,370.0,401.0,449.0,379.0,373.0,347.0,341.0,332.0,259.0,239.0,193.0,196.0,197.0,191.0,196.0,217.0,186.0,236.0,257.0,281.0,239.0,251.0,245.0,219.0,183.0,197.0,201.0,182.0,159.0,171.0,166.0,175.0,143.0,183.0,174.0,190.0,227.0,235.0,255.0,218.0,213.0,293.0,247.0,195.0,136.0,150.0,131.0,121.0,107.0,99.0,87.0,62.0,54.0,61.0,48.0,70.0,46.0,43.0,25.0,16.0,18.0,10.0,0.0,0.0,0.0,E
6,Avenida de Mayo,13.0,13.0,33.0,47.0,60.0,68.0,86.0,107.0,115.0,121.0,138.0,146.0,143.0,136.0,137.0,181.0,172.0,180.0,174.0,168.0,206.0,229.0,276.0,258.0,212.0,291.0,267.0,298.0,275.0,204.0,304.0,288.0,251.0,302.0,390.0,302.0,307.0,329.0,635.0,431.0,303.0,340.0,447.0,306.0,298.0,352.0,503.0,367.0,353.0,320.0,513.0,354.0,345.0,287.0,320.0,191.0,197.0,153.0,211.0,177.0,174.0,130.0,165.0,139.0,188.0,177.0,110.0,60.0,44.0,25.0,6.0,0.0,0.0,0.0,C
7,Boedo,22.0,27.0,41.0,64.0,87.0,119.0,189.0,207.0,224.0,216.0,270.0,289.0,282.0,267.0,300.0,297.0,269.0,229.0,224.0,237.0,224.0,184.0,200.0,212.0,169.0,198.0,207.0,222.0,195.0,222.0,221.0,208.0,258.0,161.0,173.0,198.0,177.0,142.0,192.0,161.0,180.0,140.0,253.0,157.0,167.0,169.0,278.0,186.0,172.0,191.0,228.0,178.0,164.0,139.0,130.0,115.0,99.0,88.0,130.0,120.0,74.0,74.0,78.0,63.0,60.0,22.0,56.0,39.0,39.0,22.0,9.0,1.0,0.0,0.0,E
8,Bolivar,16.0,28.0,64.0,71.0,74.0,113.0,148.0,150.0,155.0,154.0,138.0,166.0,176.0,203.0,184.0,231.0,231.0,200.0,249.0,330.0,258.0,286.0,372.0,357.0,400.0,414.0,548.0,829.0,616.0,562.0,672.0,610.0,552.0,577.0,720.0,633.0,743.0,732.0,1145.0,956.0,870.0,862.0,1398.0,1059.0,1066.0,1155.0,1837.0,2084.0,1843.0,1561.0,2205.0,2108.0,1445.0,1155.0,995.0,785.0,624.0,539.0,656.0,525.0,354.0,304.0,313.0,253.0,196.0,182.0,252.0,270.0,87.0,49.0,35.0,17.0,1.0,0.0,E
9,Bulnes,26.0,25.0,63.0,90.0,176.0,259.0,468.0,607.0,762.0,788.0,804.0,885.0,966.0,858.0,893.0,803.0,853.0,724.0,681.0,655.0,609.0,591.0,595.0,665.0,643.0,648.0,728.0,741.0,664.0,680.0,787.0,755.0,818.0,718.0,763.0,745.0,709.0,638.0,741.0,790.0,674.0,693.0,782.0,799.0,820.0,743.0,861.0,856.0,783.0,878.0,902.0,863.0,770.0,691.0,710.0,688.0,601.0,552.0,677.0,553.0,456.0,471.0,463.0,369.0,340.0,348.0,543.0,213.0,137.0,74.0,46.0,20.0,1.0,0.0,D
10,Callao,7.0,9.0,29.0,37.0,53.0,108.0,130.0,241.0,347.0,320.0,365.0,407.0,526.0,488.0,518.0,542.0,559.0,528.0,528.0,575.0,596.0,594.0,637.0,649.0,711.0,711.0,858.0,930.0,881.0,874.0,883.0,824.0,889.0,770.0,834.0,798.0,737.0,695.0,773.0,778.0,806.0,823.0,1001.0,896.0,891.0,875.0,1152.0,1004.0,953.0,954.0,1196.0,994.0,845.0,788.0,983.0,775.0,764.0,633.0,793.0,697.0,607.0,577.0,603.0,500.0,485.0,362.0,423.0,270.0,195.0,112.0,58.0,22.0,0.0,0.0,D
11,Callao.B,25.0,53.0,62.0,82.0,116.0,156.0,211.0,280.0,334.0,349.0,374.0,429.0,531.0,575.0,528.0,570.0,467.0,531.0,534.0,594.0,639.0,656.0,686.0,717.0,750.0,895.0,999.0,1013.0,1006.0,1180.0,1173.0,1006.0,990.0,984.0,1101.0,934.0,953.0,838.0,1009.0,1035.0,1040.0,1005.0,1227.0,1117.0,1073.0,1131.0,1325.0,1203.0,1105.0,1118.0,1400.0,1091.0,993.0,939.0,1030.0,969.0,824.0,793.0,941.0,822.0,627.0,651.0,766.0,598.0,504.0,519.0,523.0,362.0,321.0,262.0,91.0,42.0,1.0,0.0,B
12,Carabobo,45.0,44.0,102.0,140.0,210.0,376.0,619.0,790.0,861.0,976.0,1150.0,1284.0,1187.0,902.0,904.0,855.0,733.0,560.0,535.0,527.0,490.0,380.0,397.0,403.0,397.0,432.0,466.0,515.0,463.0,431.0,548.0,469.0,476.0,374.0,426.0,419.0,341.0,340.0,332.0,352.0,338.0,331.0,417.0,360.0,449.0,436.0,495.0,506.0,470.0,410.0,489.0,402.0,365.0,295.0,311.0,292.0,228.0,215.0,218.0,201.0,148.0,121.0,124.0,137.0,108.0,69.0,78.0,36.0,35.0,32.0,0.0,0.0,0.0,0.0,A
13,Carlos Gardel,23.0,29.0,54.0,81.0,126.0,171.0,206.0,300.0,415.0,371.0,393.0,414.0,448.0,422.0,411.0,486.0,463.0,409.0,402.0,418.0,457.0,448.0,400.0,456.0,497.0,498.0,545.0,652.0,533.0,569.0,696.0,567.0,638.0,588.0,565.0,598.0,591.0,613.0,632.0,586.0,608.0,577.0,747.0,676.0,687.0,654.0,876.0,732.0,758.0,677.0,923.0,743.0,622.0,578.0,640.0,602.0,521.0,505.0,548.0,536.0,416.0,367.0,456.0,473.0,365.0,386.0,609.0,335.0,224.0,137.0,65.0,5.0,2.0,0.0,B
14,Carlos Pellegrini,51.0,59.0,90.0,126.0,203.0,278.0,345.0,473.0,491.0,452.0,362.0,489.0,463.0,447.0,408.0,427.0,469.0,409.0,462.0,535.0,587.0,630.0,626.0,648.0,718.0,710.0,824.0,810.0,858.0,805.0,907.0,900.0,941.0,883.0,987.0,935.0,945.0,882.0,1170.0,1118.0,1092.0,993.0,1257.0,1156.0,1167.0,1129.0,1514.0,1553.0,1260.0,1289.0,1969.0,1826.0,1416.0,1089.0,1103.0,972.0,854.0,675.0,821.0,691.0,674.0,519.0,705.0,558.0,489.0,506.0,498.0,356.0,263.0,225.0,102.0,58.0,1.0,0.0,B
15,Caseros,29.0,30.0,54.0,73.0,133.0,140.0,221.0,278.0,290.0,348.0,407.0,509.0,440.0,343.0,304.0,281.0,289.0,226.0,224.0,246.0,259.0,226.0,213.0,257.0,224.0,288.0,380.0,381.0,344.0,392.0,377.0,350.0,377.0,237.0,338.0,321.0,292.0,212.0,355.0,285.0,303.0,281.0,413.0,306.0,342.0,330.0,554.0,514.0,509.0,470.0,824.0,560.0,395.0,274.0,277.0,191.0,160.0,122.0,195.0,133.0,97.0,96.0,94.0,51.0,29.0,48.0,54.0,31.0,21.0,18.0,20.0,9.0,0.0,0.0,H
16,Castro Barros,17.0,30.0,38.0,62.0,147.0,198.0,273.0,381.0,515.0,507.0,487.0,492.0,465.0,462.0,460.0,433.0,501.0,407.0,383.0,377.0,374.0,280.0,311.0,315.0,372.0,343.0,438.0,464.0,375.0,408.0,422.0,441.0,403.0,372.0,403.0,379.0,395.0,301.0,385.0,423.0,376.0,317.0,442.0,436.0,478.0,482.0,538.0,486.0,437.0,413.0,519.0,505.0,405.0,360.0,397.0,359.0,295.0,288.0,305.0,237.0,214.0,178.0,207.0,216.0,138.0,122.0,145.0,121.0,37.0,18.0,8.0,3.0,0.0,0.0,A
17,Catedral,23.0,65.0,97.0,90.0,130.0,153.0,305.0,324.0,361.0,355.0,405.0,458.0,514.0,477.0,415.0,484.0,521.0,516.0,531.0,648.0,683.0,790.0,998.0,898.0,923.0,983.0,1124.0,1166.0,1232.0,1141.0,1366.0,1431.0,1361.0,1281.0,1484.0,1400.0,1337.0,1366.0,2012.0,1902.0,1605.0,1662.0,2402.0,2032.0,1997.0,2089.0,3312.0,3737.0,3520.0,3270.0,4299.0,4327.0,3474.0,2451.0,2075.0,1710.0,1318.0,1088.0,1275.0,891.0,714.0,540.0,746.0,424.0,429.0,319.0,301.0,254.0,126.0,82.0,54.0,23.0,1.0,0.0,D
18,Congreso,32.0,43.0,49.0,82.0,109.0,104.0,180.0,244.0,289.0,267.0,294.0,331.0,354.0,345.0,356.0,376.0,338.0,428.0,373.0,398.0,473.0,438.0,457.0,500.0,529.0,600.0,701.0,636.0,702.0,663.0,880.0,688.0,720.0,690.0,865.0,709.0,701.0,686.0,861.0,773.0,755.0,742.0,972.0,874.0,825.0,842.0,934.0,818.0,798.0,755.0,932.0,852.0,728.0,730.0,851.0,800.0,796.0,770.0,871.0,694.0,564.0,494.0,590.0,469.0,357.0,293.0,272.0,269.0,191.0,122.0,63.0,17.0,1.0,0.0,A
19,Congreso de Tucuman,88.0,124.0,281.0,562.0,885.0,1223.0,1953.0,2522.0,2478.0,2612.0,3091.0,3504.0,3075.0,2710.0,2546.0,2314.0,2034.0,1674.0,1661.0,1564.0,1468.0,1229.0,1202.0,1211.0,1174.0,1147.0,1210.0,1263.0,1237.0,1215.0,1260.0,1284.0,1279.0,1035.0,1052.0,1096.0,1110.0,958.0,1009.0,1017.0,1050.0,939.0,1056.0,1266.0,1219.0,1332.0,1458.0,1625.0,1738.0,1572.0,1874.0,2109.0,1852.0,1354.0,1173.0,1004.0,791.0,648.0,687.0,617.0,520.0,423.0,413.0,332.0,272.0,221.0,200.0,197.0,153.0,45.0,2.0,0.0,1.0,0.0,D
20,Constitucion,1134.0,2101.0,3726.0,4267.0,3718.0,5905.0,6009.0,7951.0,6158.0,9033.0,7393.0,8958.0,7909.0,8804.0,5638.0,5233.0,5265.0,3946.0,5084.0,4057.0,3450.0,3614.0,2908.0,2910.0,2619.0,3529.0,2427.0,3090.0,3109.0,2461.0,3338.0,3635.0,2963.0,2604.0,2844.0,2414.0,2429.0,2099.0,1787.0,1957.0,1991.0,1734.0,1707.0,1756.0,1701.0,1839.0,1836.0,1904.0,2329.0,2161.0,2105.0,2381.0,1894.0,1307.0,1157.0,1229.0,991.0,770.0,863.0,697.0,757.0,515.0,741.0,532.0,485.0,354.0,261.0,237.0,117.0,63.0,44.0,1.0,0.0,0.0,C
21,Cordoba,18.0,18.0,36.0,59.0,56.0,81.0,119.0,161.0,191.0,177.0,209.0,256.0,286.0,244.0,265.0,220.0,240.0,239.0,216.0,216.0,219.0,216.0,295.0,273.0,262.0,296.0,337.0,406.0,376.0,345.0,366.0,371.0,372.0,286.0,382.0,432.0,327.0,312.0,418.0,405.0,409.0,313.0,452.0,427.0,532.0,435.0,578.0,535.0,510.0,460.0,580.0,447.0,475.0,367.0,435.0,351.0,300.0,349.0,344.0,290.0,164.0,177.0,316.0,192.0,156.0,163.0,216.0,139.0,82.0,49.0,21.0,11.0,1.0,0.0,H
22,Corrientes,12.0,10.0,12.0,31.0,46.0,68.0,82.0,96.0,152.0,178.0,154.0,181.0,228.0,229.0,178.0,173.0,182.0,162.0,177.0,183.0,200.0,157.0,205.0,212.0,245.0,240.0,216.0,248.0,266.0,268.0,300.0,306.0,291.0,262.0,359.0,281.0,289.0,291.0,293.0,285.0,327.0,329.0,322.0,371.0,376.0,309.0,391.0,397.0,370.0,413.0,578.0,502.0,460.0,321.0,352.0,307.0,266.0,200.0,297.0,177.0,127.0,125.0,133.0,97.0,75.0,86.0,69.0,64.0,66.0,37.0,36.0,11.0,2.0,0.0,H
23,Diagonal Norte,4.0,7.0,13.0,15.0,12.0,17.0,53.0,46.0,54.0,65.0,63.0,89.0,87.0,76.0,85.0,81.0,111.0,115.0,115.0,154.0,178.0,194.0,183.0,228.0,219.0,229.0,280.0,221.0,240.0,255.0,312.0,253.0,291.0,307.0,374.0,326.0,369.0,346.0,666.0,408.0,332.0,400.0,559.0,379.0,407.0,372.0,714.0,562.0,587.0,600.0,773.0,563.0,441.0,365.0,385.0,302.0,218.0,211.0,348.0,217.0,186.0,146.0,423.0,186.0,114.0,85.0,115.0,72.0,23.0,32.0,9.0,2.0,0.0,0.0,C
24,Dorrego,28.0,61.0,94.0,227.0,183.0,328.0,299.0,576.0,565.0,511.0,672.0,766.0,855.0,815.0,648.0,556.0,702.0,530.0,506.0,439.0,502.0,408.0,302.0,445.0,375.0,514.0,478.0,422.0,469.0,440.0,458.0,393.0,527.0,433.0,500.0,445.0,450.0,333.0,401.0,361.0,419.0,406.0,472.0,453.0,533.0,462.0,711.0,708.0,687.0,576.0,743.0,882.0,484.0,399.0,476.0,306.0,262.0,212.0,271.0,234.0,178.0,136.0,155.0,169.0,121.0,85.0,86.0,80.0,59.0,36.0,16.0,2.0,0.0,0.0,B
25,Echeverria,15.0,24.0,61.0,107.0,168.0,281.0,411.0,533.0,554.0,637.0,782.0,948.0,731.0,612.0,599.0,543.0,445.0,351.0,324.0,296.0,284.0,215.0,238.0,260.0,245.0,190.0,188.0,242.0,232.0,227.0,224.0,265.0,204.0,199.0,184.0,205.0,200.0,164.0,184.0,183.0,172.0,160.0,174.0,217.0,229.0,189.0,259.0,295.0,250.0,216.0,288.0,221.0,200.0,73.0,106.0,87.0,67.0,74.0,76.0,60.0,81.0,64.0,70.0,62.0,48.0,47.0,53.0,24.0,30.0,22.0,2.0,0.0,0.0,0.0,B
26,Emilio Mitre,35.0,26.0,69.0,87.0,131.0,231.0,380.0,375.0,416.0,389.0,538.0,548.0,508.0,432.0,451.0,434.0,358.0,300.0,282.0,265.0,226.0,192.0,219.0,259.0,208.0,233.0,235.0,288.0,257.0,260.0,287.0,243.0,268.0,211.0,231.0,220.0,205.0,174.0,229.0,187.0,193.0,196.0,203.0,223.0,216.0,247.0,223.0,209.0,256.0,220.0,250.0,206.0,244.0,141.0,175.0,154.0,139.0,105.0,150.0,102.0,114.0,83.0,83.0,83.0,60.0,71.0,76.0,74.0,58.0,38.0,7.0,4.0,0.0,0.0,E
27,Entre Rios,15.0,4.0,23.0,30.0,43.0,48.0,94.0,94.0,143.0,142.0,163.0,154.0,160.0,153.0,151.0,137.0,130.0,101.0,112.0,102.0,90.0,109.0,95.0,93.0,103.0,111.0,118.0,150.0,128.0,157.0,131.0,102.0,100.0,104.0,103.0,112.0,112.0,108.0,115.0,98.0,79.0,91.0,129.0,116.0,105.0,133.0,136.0,116.0,112.0,104.0,122.0,85.0,95.0,48.0,65.0,57.0,54.0,64.0,57.0,54.0,50.0,26.0,39.0,21.0,34.0,26.0,33.0,17.0,18.0,14.0,9.0,8.0,0.0,0.0,E
28,Facultad de Derecho,1.0,2.0,2.0,7.0,6.0,11.0,11.0,21.0,22.0,20.0,33.0,43.0,91.0,42.0,26.0,42.0,40.0,120.0,143.0,59.0,70.0,47.0,77.0,171.0,234.0,80.0,63.0,83.0,124.0,179.0,251.0,101.0,94.0,74.0,87.0,67.0,115.0,77.0,148.0,117.0,166.0,117.0,101.0,127.0,160.0,176.0,288.0,213.0,152.0,155.0,202.0,338.0,378.0,218.0,171.0,161.0,152.0,218.0,485.0,232.0,135.0,172.0,192.0,204.0,292.0,110.0,58.0,59.0,56.0,68.0,22.0,8.0,0.0,0.0,H
29,Facultad de Medicina,31.0,34.0,62.0,56.0,77.0,96.0,183.0,244.0,308.0,327.0,385.0,477.0,710.0,845.0,769.0,580.0,562.0,566.0,611.0,648.0,670.0,928.0,974.0,692.0,882.0,1019.0,1349.0,1233.0,1107.0,1175.0,1333.0,1140.0,1021.0,793.0,970.0,897.0,897.0,1012.0,1122.0,914.0,899.0,816.0,1139.0,1175.0,1168.0,1201.0,1259.0,1026.0,930.0,950.0,1340.0,1072.0,993.0,1089.0,1105.0,753.0,660.0,672.0,768.0,722.0,947.0,1077.0,1279.0,658.0,531.0,524.0,683.0,501.0,474.0,270.0,107.0,16.0,0.0,0.0,D
30,Federico Lacroze,245.0,294.0,485.0,810.0,937.0,1442.0,1292.0,1688.0,2187.0,2379.0,3289.0,3093.0,2836.0,2224.0,2965.0,2638.0,2230.0,1827.0,1560.0,1336.0,1042.0,1355.0,610.0,1649.0,570.0,1322.0,985.0,1045.0,1284.0,916.0,1255.0,1121.0,970.0,1218.0,562.0,790.0,1214.0,998.0,727.0,850.0,747.0,705.0,946.0,768.0,812.0,1053.0,930.0,863.0,1083.0,1047.0,817.0,1500.0,849.0,789.0,587.0,532.0,471.0,409.0,446.0,396.0,302.0,239.0,274.0,227.0,229.0,134.0,97.0,163.0,112.0,80.0,25.0,1.0,2.0,0.0,B
31,Flores,39.0,63.0,146.0,224.0,323.0,385.0,704.0,771.0,1141.0,1102.0,1247.0,1537.0,1408.0,1149.0,839.0,1129.0,785.0,578.0,588.0,551.0,532.0,419.0,453.0,460.0,459.0,392.0,509.0,479.0,452.0,460.0,526.0,484.0,421.0,400.0,396.0,451.0,388.0,338.0,352.0,318.0,289.0,353.0,350.0,347.0,373.0,437.0,472.0,501.0,430.0,444.0,482.0,388.0,308.0,230.0,263.0,205.0,208.0,161.0,167.0,171.0,137.0,119.0,116.0,112.0,81.0,73.0,73.0,44.0,19.0,16.0,0.0,0.0,0.0,0.0,0
32,Florida,8.0,13.0,29.0,15.0,34.0,43.0,56.0,77.0,84.0,97.0,125.0,144.0,147.0,149.0,130.0,159.0,206.0,250.0,258.0,372.0,447.0,493.0,566.0,612.0,623.0,686.0,712.0,808.0,760.0,828.0,937.0,953.0,933.0,874.0,1169.0,1031.0,931.0,989.0,1559.0,1351.0,1301.0,1146.0,1532.0,1369.0,1296.0,1223.0,1951.0,2194.0,2047.0,1925.0,2918.0,2338.0,1896.0,1401.0,1501.0,1137.0,927.0,786.0,1046.0,700.0,499.0,385.0,522.0,374.0,292.0,260.0,260.0,120.0,126.0,42.0,39.0,18.0,0.0,0.0,B
33,General Belgrano,2.0,12.0,14.0,9.0,15.0,19.0,36.0,39.0,41.0,45.0,69.0,57.0,56.0,58.0,45.0,49.0,45.0,55.0,66.0,64.0,62.0,83.0,96.0,82.0,92.0,108.0,141.0,149.0,154.0,119.0,171.0,157.0,116.0,97.0,165.0,130.0,146.0,130.0,238.0,159.0,211.0,141.0,305.0,200.0,204.0,201.0,373.0,238.0,262.0,244.0,473.0,294.0,247.0,142.0,155.0,95.0,114.0,84.0,119.0,77.0,78.0,63.0,91.0,75.0,103.0,76.0,50.0,24.0,21.0,9.0,10.0,6.0,0.0,1.0,0
34,General San Martin,7.0,23.0,49.0,30.0,34.0,53.0,79.0,133.0,127.0,153.0,141.0,165.0,164.0,171.0,145.0,178.0,163.0,179.0,166.0,193.0,246.0,237.0,243.0,247.0,266.0,273.0,347.0,368.0,342.0,328.0,433.0,422.0,366.0,390.0,481.0,376.0,382.0,447.0,641.0,531.0,482.0,508.0,688.0,644.0,602.0,605.0,985.0,814.0,891.0,891.0,1394.0,1128.0,829.0,700.0,707.0,571.0,443.0,458.0,485.0,344.0,276.0,262.0,323.0,184.0,133.0,121.0,129.0,69.0,45.0,24.0,12.0,5.0,0.0,0.0,C
35,Hospitales,98.0,175.0,313.0,558.0,505.0,664.0,1049.0,1319.0,1159.0,1074.0,1478.0,1245.0,1272.0,995.0,783.0,825.0,739.0,571.0,441.0,490.0,387.0,424.0,397.0,393.0,423.0,358.0,552.0,459.0,497.0,439.0,511.0,538.0,451.0,389.0,504.0,407.0,327.0,287.0,327.0,317.0,298.0,310.0,327.0,342.0,298.0,274.0,446.0,445.0,341.0,421.0,535.0,449.0,314.0,218.0,218.0,198.0,160.0,118.0,123.0,111.0,78.0,60.0,74.0,50.0,31.0,30.0,39.0,18.0,14.0,11.0,7.0,8.0,0.0,1.0,H
36,Humberto I,21.0,34.0,48.0,64.0,85.0,117.0,216.0,296.0,339.0,321.0,394.0,392.0,441.0,391.0,340.0,317.0,328.0,218.0,231.0,224.0,222.0,204.0,211.0,187.0,219.0,228.0,237.0,252.0,276.0,263.0,241.0,277.0,266.0,235.0,275.0,216.0,228.0,188.0,244.0,246.0,221.0,194.0,263.0,247.0,224.0,224.0,301.0,281.0,319.0,276.0,325.0,253.0,285.0,174.0,222.0,186.0,121.0,104.0,154.0,132.0,99.0,86.0,90.0,94.0,81.0,54.0,78.0,51.0,38.0,27.0,29.0,14.0,1.0,2.0,H
37,Inclan,17.0,31.0,48.0,57.0,101.0,142.0,216.0,306.0,380.0,328.0,387.0,459.0,399.0,326.0,324.0,307.0,285.0,242.0,189.0,205.0,181.0,166.0,162.0,139.0,173.0,201.0,187.0,185.0,191.0,208.0,191.0,252.0,214.0,189.0,176.0,199.0,178.0,155.0,182.0,203.0,189.0,218.0,333.0,344.0,297.0,233.0,272.0,267.0,271.0,229.0,303.0,199.0,211.0,158.0,126.0,103.0,110.0,80.0,81.0,84.0,63.0,51.0,60.0,63.0,47.0,25.0,36.0,41.0,22.0,19.0,12.0,2.0,1.0,2.0,H
38,Independencia,34.0,40.0,55.0,89.0,111.0,155.0,237.0,236.0,277.0,261.0,270.0,256.0,273.0,290.0,244.0,250.0,297.0,256.0,223.0,255.0,234.0,206.0,252.0,230.0,449.0,703.0,339.0,285.0,283.0,222.0,276.0,309.0,317.0,251.0,256.0,258.0,265.0,233.0,259.0,264.0,261.0,254.0,321.0,291.0,273.0,310.0,392.0,353.0,380.0,389.0,487.0,377.0,359.0,247.0,272.0,249.0,176.0,165.0,196.0,155.0,123.0,116.0,153.0,149.0,136.0,141.0,205.0,195.0,92.0,38.0,48.0,6.0,0.0,0.0,C
39,Independencia.H,20.0,36.0,58.0,59.0,82.0,84.0,125.0,154.0,177.0,195.0,187.0,202.0,202.0,196.0,192.0,252.0,260.0,208.0,253.0,264.0,261.0,233.0,400.0,518.0,1259.0,1490.0,973.0,682.0,407.0,319.0,389.0,367.0,290.0,296.0,265.0,227.0,213.0,215.0,240.0,233.0,204.0,237.0,295.0,272.0,236.0,285.0,353.0,327.0,510.0,987.0,950.0,417.0,272.0,247.0,353.0,291.0,235.0,206.0,252.0,328.0,410.0,425.0,453.0,378.0,338.0,715.0,1365.0,1248.0,501.0,86.0,50.0,9.0,1.0,0.0,E
40,Jose Hernandez,40.0,34.0,72.0,130.0,195.0,283.0,477.0,635.0,753.0,820.0,837.0,853.0,850.0,740.0,694.0,684.0,619.0,517.0,499.0,493.0,425.0,421.0,423.0,451.0,435.0,447.0,473.0,562.0,501.0,505.0,517.0,555.0,509.0,395.0,481.0,462.0,449.0,427.0,507.0,448.0,437.0,454.0,597.0,594.0,563.0,586.0,806.0,641.0,643.0,541.0,710.0,672.0,562.0,476.0,516.0,430.0,436.0,350.0,408.0,328.0,283.0,231.0,253.0,164.0,147.0,118.0,137.0,101.0,62.0,42.0,18.0,1.0,0.0,0.0,D
41,Jose Maria Moreno,17.0,19.0,31.0,59.0,90.0,154.0,245.0,312.0,283.0,312.0,381.0,420.0,385.0,355.0,317.0,309.0,255.0,207.0,196.0,174.0,178.0,144.0,159.0,138.0,115.0,111.0,146.0,144.0,140.0,158.0,153.0,144.0,121.0,127.0,120.0,122.0,113.0,105.0,124.0,100.0,124.0,107.0,118.0,129.0,138.0,118.0,140.0,142.0,154.0,160.0,235.0,218.0,170.0,80.0,122.0,105.0,93.0,86.0,101.0,72.0,55.0,47.0,47.0,43.0,56.0,47.0,33.0,24.0,9.0,4.0,0.0,0.0,0.0,0.0,E
42,Jujuy,20.0,21.0,29.0,44.0,79.0,80.0,113.0,132.0,161.0,140.0,186.0,213.0,234.0,184.0,176.0,161.0,165.0,138.0,128.0,128.0,129.0,111.0,119.0,127.0,105.0,106.0,134.0,174.0,148.0,127.0,126.0,144.0,126.0,112.0,161.0,123.0,137.0,118.0,104.0,86.0,104.0,106.0,136.0,136.0,126.0,119.0,148.0,125.0,130.0,132.0,154.0,118.0,133.0,91.0,101.0,80.0,63.0,52.0,68.0,43.0,37.0,41.0,44.0,50.0,27.0,33.0,48.0,50.0,18.0,8.0,9.0,3.0,0.0,0.0,E
43,Juramento,26.0,46.0,92.0,137.0,223.0,366.0,527.0,724.0,736.0,799.0,939.0,1192.0,1075.0,838.0,855.0,799.0,698.0,645.0,610.0,617.0,607.0,532.0,552.0,610.0,565.0,605.0,651.0,645.0,644.0,600.0,714.0,733.0,706.0,564.0,696.0,629.0,575.0,599.0,627.0,673.0,620.0,615.0,687.0,759.0,795.0,689.0,842.0,917.0,817.0,819.0,1021.0,1034.0,854.0,748.0,750.0,620.0,537.0,485.0,596.0,492.0,470.0,364.0,395.0,348.0,236.0,189.0,185.0,118.0,126.0,60.0,2.0,1.0,0.0,0.0,D
44,Las Heras,15.0,22.0,47.0,68.0,75.0,121.0,165.0,287.0,345.0,290.0,325.0,416.0,546.0,554.0,386.0,410.0,378.0,372.0,454.0,440.0,332.0,368.0,399.0,403.0,534.0,554.0,522.0,531.0,571.0,508.0,726.0,520.0,507.0,472.0,553.0,586.0,525.0,527.0,613.0,601.0,668.0,676.0,821.0,763.0,816.0,736.0,942.0,976.0,900.0,825.0,1002.0,858.0,744.0,771.0,708.0,636.0,577.0,632.0,709.0,759.0,460.0,408.0,483.0,471.0,445.0,413.0,336.0,218.0,151.0,130.0,81.0,42.0,1.0,0.0,H
45,Lavalle,14.0,34.0,44.0,59.0,39.0,59.0,88.0,104.0,106.0,111.0,83.0,101.0,150.0,138.0,91.0,96.0,98.0,135.0,144.0,170.0,204.0,201.0,206.0,227.0,220.0,234.0,294.0,298.0,278.0,298.0,407.0,315.0,319.0,378.0,583.0,454.0,472.0,389.0,832.0,616.0,570.0,560.0,982.0,758.0,727.0,704.0,1224.0,949.0,957.0,897.0,1578.0,1125.0,932.0,655.0,831.0,581.0,471.0,401.0,553.0,350.0,321.0,244.0,446.0,294.0,197.0,188.0,186.0,85.0,48.0,15.0,13.0,2.0,0.0,0.0,C
46,Leandro N. Alem,116.0,178.0,317.0,327.0,391.0,490.0,605.0,638.0,752.0,620.0,632.0,780.0,831.0,668.0,505.0,651.0,560.0,679.0,558.0,535.0,502.0,532.0,596.0,650.0,692.0,681.0,857.0,941.0,837.0,972.0,1069.0,1084.0,996.0,907.0,1177.0,982.0,951.0,922.0,1210.0,1241.0,1044.0,1170.0,1420.0,845.0,661.0,641.0,1176.0,1341.0,1402.0,1299.0,1467.0,1501.0,1403.0,946.0,1268.0,1429.0,1027.0,826.0,965.0,746.0,616.0,514.0,532.0,440.0,360.0,384.0,342.0,302.0,169.0,119.0,52.0,23.0,0.0,0.0,B
47,Lima,18.0,32.0,26.0,52.0,86.0,65.0,123.0,154.0,162.0,120.0,186.0,199.0,182.0,158.0,168.0,203.0,187.0,185.0,218.0,237.0,220.0,260.0,254.0,271.0,305.0,326.0,364.0,318.0,350.0,336.0,356.0,366.0,366.0,406.0,437.0,398.0,393.0,356.0,474.0,417.0,429.0,402.0,496.0,444.0,443.0,436.0,667.0,519.0,496.0,537.0,813.0,662.0,487.0,416.0,430.0,310.0,302.0,288.0,277.0,195.0,167.0,153.0,186.0,116.0,110.0,115.0,137.0,129.0,97.0,52.0,55.0,28.0,0.0,0.0,A
48,Loria,19.0,33.0,58.0,70.0,132.0,153.0,241.0,279.0,370.0,317.0,336.0,364.0,352.0,352.0,311.0,378.0,385.0,321.0,304.0,303.0,310.0,341.0,311.0,295.0,388.0,326.0,412.0,391.0,428.0,388.0,443.0,418.0,353.0,286.0,373.0,411.0,334.0,261.0,336.0,307.0,294.0,328.0,435.0,402.0,354.0,312.0,414.0,378.0,345.0,432.0,496.0,433.0,309.0,261.0,285.0,232.0,258.0,228.0,245.0,176.0,144.0,167.0,239.0,237.0,161.0,110.0,102.0,70.0,45.0,36.0,23.0,0.0,0.0,0.0,A
49,Los Incas,33.0,32.0,104.0,173.0,241.0,380.0,537.0,696.0,696.0,821.0,922.0,1143.0,1006.0,800.0,746.0,819.0,657.0,505.0,522.0,471.0,488.0,372.0,375.0,451.0,493.0,421.0,447.0,414.0,426.0,350.0,464.0,374.0,392.0,338.0,361.0,360.0,319.0,283.0,294.0,324.0,313.0,284.0,388.0,405.0,459.0,428.0,495.0,454.0,421.0,429.0,513.0,521.0,367.0,304.0,445.0,399.0,395.0,257.0,286.0,271.0,218.0,110.0,103.0,136.0,79.0,64.0,63.0,60.0,40.0,32.0,3.0,3.0,0.0,0.0,B
50,Malabia,32.0,49.0,97.0,152.0,280.0,387.0,596.0,929.0,1147.0,1078.0,1345.0,1454.0,1448.0,1291.0,1337.0,1197.0,1220.0,943.0,883.0,870.0,849.0,763.0,693.0,748.0,737.0,687.0,800.0,796.0,864.0,764.0,826.0,850.0,796.0,777.0,737.0,812.0,666.0,634.0,674.0,668.0,675.0,630.0,731.0,783.0,902.0,781.0,945.0,874.0,900.0,875.0,1219.0,1100.0,831.0,668.0,629.0,556.0,458.0,442.0,550.0,508.0,386.0,303.0,320.0,277.0,276.0,187.0,227.0,206.0,119.0,77.0,38.0,8.0,0.0,0.0,B
51,Mariano Moreno,18.0,17.0,33.0,44.0,41.0,60.0,100.0,80.0,105.0,89.0,135.0,115.0,141.0,155.0,139.0,169.0,200.0,197.0,183.0,225.0,211.0,204.0,252.0,261.0,307.0,296.0,354.0,348.0,364.0,388.0,424.0,370.0,357.0,344.0,543.0,369.0,316.0,342.0,504.0,363.0,379.0,379.0,672.0,460.0,494.0,488.0,894.0,561.0,681.0,596.0,1132.0,714.0,564.0,390.0,420.0,330.0,240.0,198.0,310.0,162.0,122.0,138.0,136.0,116.0,146.0,96.0,147.0,62.0,52.0,32.0,17.0,2.0,0.0,0.0,0
52,Medalla Milagrosa,8.0,13.0,27.0,27.0,55.0,93.0,141.0,130.0,157.0,175.0,203.0,244.0,180.0,162.0,204.0,144.0,116.0,89.0,113.0,72.0,85.0,72.0,58.0,49.0,70.0,60.0,104.0,103.0,90.0,65.0,103.0,81.0,78.0,48.0,83.0,57.0,37.0,35.0,53.0,47.0,50.0,37.0,70.0,66.0,55.0,75.0,76.0,87.0,91.0,84.0,99.0,58.0,65.0,35.0,37.0,26.0,29.0,39.0,42.0,33.0,41.0,16.0,23.0,16.0,20.0,11.0,7.0,11.0,1.0,4.0,0.0,0.0,0.0,0.0,E
53,Medrano,38.0,67.0,108.0,143.0,234.0,291.0,505.0,670.0,833.0,804.0,861.0,863.0,915.0,829.0,899.0,895.0,829.0,773.0,713.0,832.0,760.0,744.0,772.0,718.0,813.0,792.0,886.0,917.0,833.0,764.0,816.0,821.0,690.0,696.0,702.0,816.0,723.0,618.0,732.0,739.0,640.0,717.0,771.0,750.0,800.0,793.0,857.0,914.0,907.0,885.0,1019.0,956.0,758.0,614.0,684.0,653.0,578.0,469.0,581.0,534.0,423.0,427.0,510.0,500.0,401.0,312.0,363.0,273.0,139.0,95.0,85.0,13.0,0.0,0.0,B
54,Ministro Carranza,32.0,45.0,75.0,129.0,156.0,304.0,472.0,514.0,848.0,645.0,791.0,866.0,776.0,702.0,845.0,773.0,678.0,723.0,516.0,515.0,505.0,459.0,393.0,421.0,485.0,502.0,508.0,522.0,546.0,527.0,583.0,630.0,462.0,547.0,483.0,478.0,473.0,373.0,374.0,574.0,433.0,462.0,467.0,517.0,440.0,487.0,599.0,621.0,558.0,610.0,763.0,744.0,631.0,584.0,487.0,366.0,337.0,297.0,314.0,269.0,196.0,205.0,229.0,196.0,111.0,153.0,125.0,95.0,88.0,35.0,12.0,1.0,0.0,0.0,D
55,Olleros,28.0,31.0,69.0,90.0,142.0,255.0,457.0,614.0,654.0,724.0,815.0,927.0,870.0,739.0,782.0,739.0,724.0,546.0,557.0,593.0,538.0,537.0,534.0,554.0,565.0,494.0,567.0,616.0,626.0,535.0,630.0,650.0,554.0,532.0,540.0,574.0,523.0,500.0,528.0,499.0,506.0,522.0,573.0,612.0,637.0,670.0,705.0,759.0,700.0,625.0,792.0,786.0,590.0,512.0,501.0,455.0,441.0,334.0,416.0,352.0,327.0,230.0,320.0,195.0,233.0,146.0,161.0,131.0,92.0,50.0,11.0,0.0,0.0,0.0,D
56,Once,53.0,85.0,137.0,332.0,289.0,306.0,440.0,406.0,635.0,840.0,544.0,794.0,736.0,941.0,887.0,388.0,868.0,607.0,469.0,574.0,423.0,583.0,502.0,464.0,577.0,553.0,459.0,520.0,569.0,508.0,568.0,513.0,707.0,467.0,485.0,497.0,635.0,454.0,589.0,528.0,549.0,521.0,547.0,542.0,519.0,454.0,534.0,591.0,579.0,557.0,707.0,565.0,589.0,477.0,500.0,456.0,311.0,317.0,304.0,227.0,172.0,179.0,184.0,154.0,127.0,80.0,82.0,82.0,55.0,43.0,38.0,13.0,2.0,0.0,H
57,Palermo,72.0,69.0,167.0,193.0,294.0,362.0,583.0,722.0,786.0,670.0,623.0,1073.0,1057.0,1094.0,881.0,784.0,770.0,775.0,570.0,699.0,609.0,629.0,518.0,632.0,594.0,685.0,701.0,692.0,709.0,615.0,814.0,645.0,738.0,721.0,729.0,753.0,650.0,595.0,695.0,629.0,651.0,580.0,689.0,700.0,654.0,556.0,937.0,903.0,849.0,880.0,1109.0,1069.0,829.0,712.0,725.0,667.0,469.0,426.0,458.0,462.0,349.0,291.0,371.0,358.0,238.0,240.0,263.0,147.0,108.0,63.0,30.0,4.0,1.0,0.0,D
58,Pasco,17.0,8.0,21.0,19.0,30.0,41.0,59.0,86.0,83.0,97.0,138.0,125.0,181.0,140.0,166.0,154.0,165.0,149.0,138.0,149.0,162.0,158.0,174.0,181.0,222.0,177.0,196.0,193.0,194.0,204.0,185.0,192.0,221.0,208.0,256.0,191.0,171.0,183.0,199.0,176.0,204.0,177.0,193.0,166.0,166.0,158.0,180.0,201.0,173.0,177.0,209.0,191.0,184.0,154.0,141.0,113.0,105.0,96.0,112.0,111.0,79.0,61.0,75.0,36.0,41.0,24.0,21.0,17.0,14.0,7.0,5.0,0.0,0.0,0.0,A
59,Pasteur,15.0,22.0,36.0,40.0,81.0,85.0,122.0,169.0,240.0,246.0,282.0,254.0,370.0,306.0,362.0,306.0,331.0,320.0,362.0,406.0,429.0,453.0,533.0,530.0,514.0,561.0,664.0,753.0,742.0,744.0,816.0,754.0,654.0,608.0,667.0,626.0,628.0,640.0,703.0,673.0,622.0,667.0,658.0,668.0,724.0,599.0,790.0,632.0,658.0,636.0,865.0,733.0,782.0,668.0,828.0,513.0,406.0,388.0,408.0,379.0,299.0,356.0,496.0,263.0,175.0,161.0,250.0,184.0,176.0,148.0,30.0,20.0,4.0,0.0,B
60,Patricios,62.0,98.0,148.0,236.0,251.0,402.0,448.0,633.0,682.0,674.0,734.0,711.0,699.0,642.0,456.0,512.0,455.0,383.0,345.0,314.0,305.0,258.0,321.0,315.0,278.0,270.0,344.0,326.0,400.0,405.0,386.0,451.0,361.0,275.0,448.0,346.0,329.0,272.0,344.0,318.0,316.0,262.0,428.0,365.0,387.0,369.0,684.0,557.0,543.0,629.0,1090.0,873.0,558.0,419.0,377.0,329.0,233.0,175.0,292.0,210.0,125.0,121.0,159.0,93.0,80.0,55.0,60.0,31.0,24.0,30.0,32.0,13.0,5.0,0.0,0
61,Peru,26.0,32.0,60.0,37.0,50.0,74.0,110.0,139.0,118.0,123.0,125.0,170.0,166.0,148.0,187.0,196.0,220.0,187.0,230.0,313.0,358.0,362.0,417.0,428.0,486.0,518.0,548.0,623.0,611.0,625.0,726.0,748.0,663.0,690.0,936.0,869.0,893.0,958.0,1412.0,1216.0,1133.0,1104.0,1567.0,1437.0,1236.0,1174.0,1897.0,1919.0,2018.0,1834.0,2304.0,2142.0,1859.0,1347.0,1282.0,1116.0,887.0,701.0,880.0,633.0,473.0,406.0,601.0,395.0,256.0,221.0,280.0,158.0,111.0,71.0,79.0,29.0,0.0,0.0,A
62,Pichincha,4.0,16.0,21.0,27.0,40.0,56.0,121.0,125.0,145.0,129.0,184.0,144.0,187.0,157.0,155.0,162.0,133.0,111.0,111.0,115.0,93.0,97.0,86.0,93.0,97.0,83.0,98.0,106.0,92.0,86.0,99.0,104.0,98.0,91.0,98.0,81.0,86.0,72.0,73.0,85.0,75.0,86.0,73.0,97.0,103.0,93.0,126.0,84.0,84.0,91.0,118.0,103.0,67.0,68.0,75.0,59.0,57.0,53.0,32.0,62.0,46.0,35.0,30.0,47.0,42.0,27.0,17.0,35.0,18.0,7.0,8.0,7.0,0.0,0.0,E
63,Piedras,12.0,8.0,23.0,29.0,34.0,40.0,43.0,63.0,52.0,56.0,67.0,89.0,95.0,84.0,91.0,104.0,133.0,104.0,133.0,149.0,165.0,206.0,214.0,220.0,192.0,228.0,241.0,282.0,282.0,269.0,323.0,285.0,262.0,278.0,407.0,388.0,375.0,436.0,500.0,505.0,444.0,442.0,645.0,512.0,489.0,476.0,996.0,862.0,877.0,811.0,1236.0,1129.0,771.0,583.0,498.0,328.0,243.0,244.0,292.0,210.0,192.0,160.0,324.0,206.0,214.0,237.0,123.0,51.0,34.0,52.0,32.0,19.0,0.0,0.0,A
64,Plaza Italia,28.0,38.0,49.0,57.0,125.0,212.0,245.0,423.0,511.0,528.0,583.0,664.0,671.0,624.0,649.0,573.0,572.0,451.0,492.0,481.0,422.0,429.0,370.0,444.0,430.0,470.0,490.0,534.0,450.0,453.0,500.0,503.0,536.0,456.0,468.0,501.0,449.0,412.0,480.0,447.0,418.0,453.0,563.0,623.0,604.0,581.0,620.0,618.0,635.0,585.0,594.0,709.0,559.0,541.0,478.0,448.0,434.0,328.0,281.0,301.0,279.0,254.0,255.0,265.0,223.0,157.0,143.0,135.0,128.0,85.0,33.0,12.0,2.0,0.0,D
65,Plaza Miserere,52.0,117.0,132.0,350.0,269.0,307.0,459.0,416.0,599.0,871.0,468.0,899.0,651.0,956.0,1129.0,383.0,1021.0,781.0,608.0,698.0,492.0,729.0,586.0,579.0,675.0,792.0,687.0,644.0,602.0,550.0,653.0,615.0,708.0,573.0,555.0,534.0,767.0,460.0,480.0,529.0,488.0,478.0,497.0,459.0,521.0,479.0,549.0,535.0,566.0,572.0,582.0,547.0,567.0,417.0,448.0,354.0,268.0,306.0,221.0,208.0,148.0,177.0,191.0,150.0,120.0,84.0,63.0,60.0,56.0,30.0,19.0,8.0,0.0,0.0,A
66,Plaza de Mayo,22.0,40.0,45.0,73.0,64.0,93.0,135.0,151.0,191.0,146.0,170.0,159.0,167.0,215.0,181.0,192.0,190.0,229.0,182.0,197.0,205.0,184.0,255.0,235.0,238.0,228.0,269.0,308.0,302.0,320.0,402.0,376.0,297.0,348.0,392.0,351.0,315.0,335.0,540.0,469.0,485.0,455.0,754.0,618.0,563.0,640.0,1067.0,1112.0,1011.0,960.0,1136.0,1135.0,862.0,649.0,537.0,414.0,301.0,301.0,323.0,208.0,160.0,138.0,161.0,132.0,109.0,78.0,106.0,51.0,58.0,24.0,13.0,10.0,0.0,0.0,A
67,Primera Junta,63.0,92.0,161.0,201.0,270.0,384.0,683.0,867.0,1036.0,1066.0,1166.0,1266.0,1191.0,1068.0,1058.0,1119.0,952.0,739.0,739.0,601.0,617.0,587.0,524.0,501.0,512.0,443.0,465.0,563.0,513.0,567.0,526.0,556.0,547.0,545.0,441.0,477.0,441.0,387.0,417.0,408.0,375.0,342.0,389.0,422.0,416.0,402.0,503.0,467.0,515.0,480.0,521.0,457.0,428.0,329.0,320.0,322.0,289.0,235.0,242.0,188.0,207.0,147.0,153.0,126.0,94.0,74.0,89.0,63.0,47.0,27.0,20.0,3.0,2.0,0.0,A
68,Puan,11.0,21.0,37.0,65.0,112.0,237.0,342.0,477.0,537.0,708.0,797.0,758.0,633.0,630.0,600.0,529.0,451.0,372.0,385.0,310.0,287.0,270.0,263.0,266.0,232.0,245.0,234.0,266.0,312.0,283.0,368.0,331.0,271.0,239.0,190.0,192.0,182.0,236.0,267.0,231.0,199.0,216.0,261.0,212.0,281.0,297.0,333.0,326.0,346.0,288.0,318.0,250.0,243.0,223.0,217.0,254.0,149.0,160.0,176.0,160.0,151.0,168.0,266.0,189.0,68.0,65.0,50.0,57.0,48.0,26.0,1.0,0.0,1.0,0.0,A
69,Pueyrredon,34.0,34.0,64.0,116.0,122.0,146.0,238.0,270.0,408.0,397.0,429.0,453.0,582.0,565.0,582.0,504.0,499.0,579.0,473.0,502.0,498.0,485.0,509.0,554.0,587.0,588.0,610.0,595.0,653.0,647.0,620.0,630.0,628.0,623.0,615.0,606.0,642.0,592.0,611.0,658.0,650.0,622.0,682.0,594.0,606.0,548.0,659.0,576.0,674.0,707.0,798.0,647.0,607.0,507.0,518.0,441.0,366.0,345.0,314.0,223.0,144.0,150.0,152.0,103.0,82.0,73.0,53.0,49.0,38.0,31.0,25.0,4.0,0.0,0.0,B
70,Pueyrredon.D,17.0,20.0,32.0,38.0,71.0,126.0,250.0,376.0,452.0,397.0,467.0,605.0,690.0,655.0,601.0,601.0,606.0,497.0,509.0,419.0,432.0,417.0,420.0,462.0,418.0,438.0,443.0,459.0,438.0,464.0,503.0,543.0,477.0,464.0,524.0,529.0,500.0,471.0,509.0,513.0,548.0,494.0,516.0,506.0,476.0,504.0,595.0,501.0,487.0,475.0,537.0,518.0,484.0,394.0,491.0,407.0,379.0,344.0,442.0,306.0,236.0,212.0,283.0,163.0,146.0,119.0,129.0,80.0,65.0,60.0,37.0,10.0,0.0,0.0,D
71,Pza. de los Virreyes,112.0,166.0,281.0,372.0,438.0,663.0,865.0,958.0,913.0,1018.0,1034.0,1033.0,894.0,812.0,766.0,663.0,569.0,477.0,392.0,357.0,341.0,317.0,392.0,358.0,294.0,321.0,351.0,349.0,430.0,483.0,365.0,421.0,349.0,253.0,274.0,245.0,220.0,189.0,186.0,216.0,186.0,185.0,210.0,233.0,243.0,181.0,226.0,282.0,289.0,260.0,258.0,273.0,170.0,170.0,108.0,86.0,86.0,72.0,93.0,86.0,60.0,69.0,82.0,55.0,47.0,41.0,45.0,49.0,15.0,24.0,0.0,0.0,0.0,0.0,E
72,Retiro,230.0,240.0,391.0,665.0,706.0,1066.0,1271.0,1562.0,1487.0,1804.0,1883.0,2198.0,2329.0,2477.0,2185.0,2237.0,2155.0,1821.0,1692.0,1504.0,1473.0,1248.0,1390.0,1369.0,1162.0,1102.0,1369.0,1283.0,1427.0,1132.0,1767.0,1443.0,1824.0,1313.0,1651.0,1586.0,1752.0,1425.0,1483.0,1221.0,1577.0,1289.0,1406.0,1810.0,1702.0,1829.0,1965.0,2123.0,2425.0,2700.0,2430.0,3155.0,2204.0,1788.0,1743.0,1238.0,1237.0,1009.0,779.0,786.0,640.0,664.0,542.0,298.0,421.0,482.0,491.0,305.0,190.0,73.0,45.0,8.0,0.0,0.0,C
73,Rio de Janeiro,23.0,33.0,67.0,110.0,156.0,210.0,370.0,493.0,626.0,580.0,758.0,701.0,630.0,599.0,625.0,683.0,605.0,492.0,449.0,527.0,482.0,403.0,327.0,383.0,412.0,408.0,468.0,473.0,463.0,483.0,495.0,508.0,477.0,463.0,370.0,370.0,427.0,410.0,381.0,357.0,387.0,328.0,552.0,476.0,491.0,431.0,529.0,519.0,538.0,472.0,486.0,524.0,373.0,341.0,368.0,346.0,314.0,287.0,249.0,253.0,247.0,213.0,209.0,188.0,189.0,118.0,125.0,105.0,47.0,50.0,21.0,4.0,0.0,0.0,A
74,Rosas,106.0,209.0,386.0,635.0,821.0,1343.0,1894.0,2303.0,2328.0,2879.0,3009.0,3011.0,2753.0,2729.0,2691.0,2085.0,1932.0,1322.0,1313.0,1183.0,1035.0,854.0,882.0,855.0,929.0,752.0,799.0,853.0,827.0,827.0,999.0,808.0,1037.0,827.0,752.0,703.0,692.0,547.0,627.0,697.0,584.0,520.0,703.0,702.0,668.0,783.0,799.0,1066.0,1067.0,1023.0,993.0,1141.0,829.0,444.0,331.0,303.0,245.0,202.0,181.0,213.0,276.0,273.0,240.0,249.0,193.0,155.0,195.0,143.0,114.0,60.0,0.0,0.0,0.0,0.0,B
75,Saenz Pena,13.0,23.0,28.0,67.0,68.0,64.0,99.0,155.0,181.0,179.0,187.0,211.0,251.0,249.0,183.0,255.0,264.0,316.0,325.0,320.0,349.0,321.0,354.0,429.0,431.0,431.0,465.0,502.0,517.0,505.0,504.0,522.0,499.0,530.0,610.0,555.0,522.0,494.0,536.0,530.0,526.0,531.0,699.0,538.0,664.0,547.0,758.0,584.0,609.0,534.0,834.0,561.0,518.0,462.0,540.0,460.0,367.0,325.0,422.0,254.0,193.0,241.0,225.0,153.0,114.0,110.0,122.0,116.0,68.0,32.0,16.0,13.0,1.0,0.0,A
76,San Jose,3.0,12.0,19.0,39.0,46.0,48.0,104.0,122.0,145.0,118.0,158.0,144.0,156.0,118.0,138.0,134.0,126.0,115.0,97.0,116.0,105.0,119.0,107.0,107.0,116.0,99.0,123.0,159.0,133.0,149.0,175.0,116.0,108.0,97.0,100.0,92.0,95.0,84.0,124.0,107.0,90.0,90.0,143.0,127.0,122.0,105.0,139.0,113.0,112.0,102.0,179.0,111.0,68.0,83.0,127.0,88.0,58.0,54.0,118.0,72.0,71.0,123.0,142.0,50.0,32.0,45.0,55.0,44.0,38.0,33.0,15.0,5.0,0.0,0.0,A
77,San Juan,25.0,30.0,74.0,80.0,115.0,146.0,180.0,213.0,293.0,312.0,304.0,382.0,381.0,318.0,338.0,363.0,356.0,383.0,285.0,317.0,215.0,269.0,320.0,216.0,330.0,338.0,337.0,385.0,328.0,280.0,349.0,376.0,375.0,291.0,280.0,199.0,194.0,179.0,225.0,196.0,196.0,176.0,210.0,226.0,250.0,236.0,305.0,263.0,263.0,276.0,401.0,305.0,243.0,217.0,230.0,216.0,176.0,149.0,210.0,152.0,153.0,205.0,194.0,208.0,218.0,205.0,345.0,165.0,116.0,86.0,84.0,18.0,0.0,0.0,C
78,San Pedrito,135.0,217.0,354.0,628.0,897.0,1319.0,1973.0,2403.0,2372.0,2534.0,3214.0,3501.0,3092.0,2662.0,2375.0,2147.0,1859.0,1352.0,1235.0,1159.0,1157.0,942.0,996.0,1026.0,877.0,911.0,1104.0,1053.0,1108.0,1209.0,1134.0,1074.0,1001.0,944.0,998.0,928.0,804.0,711.0,694.0,803.0,659.0,719.0,793.0,874.0,926.0,885.0,1046.0,1301.0,1241.0,1187.0,1152.0,965.0,683.0,555.0,397.0,401.0,322.0,218.0,236.0,222.0,132.0,153.0,138.0,98.0,87.0,85.0,72.0,64.0,31.0,15.0,0.0,0.0,0.0,0.0,0
79,Santa Fe,13.0,15.0,51.0,59.0,75.0,95.0,149.0,213.0,230.0,227.0,244.0,296.0,390.0,355.0,341.0,339.0,333.0,304.0,295.0,296.0,341.0,351.0,403.0,433.0,413.0,370.0,422.0,442.0,432.0,367.0,415.0,471.0,478.0,399.0,567.0,521.0,483.0,413.0,645.0,535.0,525.0,596.0,682.0,655.0,673.0,643.0,791.0,699.0,627.0,625.0,813.0,771.0,612.0,574.0,736.0,544.0,495.0,482.0,617.0,421.0,389.0,317.0,378.0,277.0,183.0,178.0,221.0,109.0,71.0,74.0,42.0,18.0,2.0,0.0,H
80,Scalabrini Ortiz,22.0,33.0,44.0,80.0,131.0,222.0,454.0,625.0,696.0,725.0,820.0,922.0,1045.0,936.0,836.0,842.0,797.0,600.0,562.0,559.0,512.0,484.0,408.0,487.0,476.0,461.0,520.0,528.0,524.0,511.0,540.0,531.0,524.0,469.0,446.0,443.0,505.0,412.0,484.0,483.0,500.0,497.0,562.0,542.0,605.0,505.0,637.0,692.0,575.0,583.0,683.0,691.0,588.0,481.0,543.0,493.0,439.0,398.0,418.0,344.0,315.0,270.0,287.0,241.0,165.0,120.0,154.0,101.0,56.0,59.0,37.0,8.0,0.0,0.0,D
81,Taller Bonifacio,0.0,0.0,0.0,0.0,0.0,0.0,0.0,0.0,0.0,0.0,0.0,0.0,0.0,0.0,0.0,0.0,0.0,0.0,0.0,0.0,0.0,0.0,0.0,0.0,0.0,0.0,0.0,0.0,0.0,0.0,0.0,0.0,0.0,0.0,0.0,0.0,0.0,0.0,0.0,0.0,0.0,0.0,0.0,0.0,0.0,0.0,0.0,0.0,0.0,0.0,0.0,0.0,0.0,0.0,0.0,0.0,0.0,0.0,0.0,0.0,0.0,0.0,0.0,0.0,0.0,0.0,0.0,0.0,0.0,0.0,0.0,0.0,0.0,0.0,0
82,Tribunales,19.0,12.0,26.0,28.0,48.0,61.0,82.0,127.0,202.0,204.0,221.0,245.0,309.0,334.0,360.0,387.0,417.0,502.0,523.0,541.0,587.0,687.0,731.0,745.0,801.0,732.0,866.0,897.0,834.0,1015.0,1143.0,935.0,1368.0,1040.0,1099.0,970.0,971.0,815.0,1068.0,1002.0,987.0,925.0,1230.0,973.0,939.0,862.0,1113.0,895.0,868.0,909.0,1507.0,1387.0,904.0,769.0,836.0,651.0,619.0,453.0,518.0,334.0,369.0,350.0,300.0,233.0,260.0,300.0,239.0,178.0,218.0,83.0,31.0,10.0,0.0,0.0,D
83,Tronador,11.0,18.0,45.0,53.0,73.0,115.0,187.0,245.0,296.0,320.0,371.0,430.0,379.0,339.0,340.0,288.0,272.0,226.0,214.0,229.0,177.0,186.0,170.0,205.0,203.0,225.0,218.0,220.0,234.0,230.0,233.0,226.0,190.0,182.0,250.0,249.0,205.0,165.0,196.0,218.0,202.0,189.0,274.0,277.0,260.0,253.0,548.0,412.0,473.0,357.0,670.0,520.0,239.0,179.0,216.0,263.0,173.0,124.0,104.0,110.0,83.0,75.0,84.0,59.0,66.0,86.0,73.0,68.0,23.0,25.0,4.0,3.0,0.0,0.0,B
84,Urquiza,13.0,24.0,32.0,66.0,76.0,87.0,167.0,174.0,179.0,204.0,235.0,179.0,198.0,196.0,190.0,217.0,194.0,143.0,142.0,137.0,133.0,163.0,127.0,117.0,120.0,108.0,153.0,166.0,249.0,175.0,150.0,186.0,145.0,126.0,156.0,133.0,171.0,113.0,123.0,110.0,124.0,99.0,172.0,196.0,177.0,136.0,176.0,145.0,149.0,128.0,159.0,121.0,102.0,94.0,78.0,98.0,116.0,81.0,94.0,56.0,64.0,50.0,75.0,103.0,53.0,40.0,53.0,18.0,16.0,10.0,6.0,3.0,0.0,0.0,E
85,Uruguay,11.0,9.0,31.0,60.0,73.0,73.0,106.0,144.0,177.0,209.0,173.0,270.0,283.0,340.0,333.0,365.0,420.0,389.0,402.0,521.0,550.0,538.0,670.0,708.0,749.0,792.0,894.0,798.0,864.0,956.0,999.0,899.0,1012.0,952.0,1037.0,980.0,843.0,828.0,1058.0,1001.0,947.0,951.0,1092.0,977.0,1019.0,930.0,1172.0,1066.0,1057.0,999.0,1481.0,1218.0,951.0,794.0,853.0,637.0,531.0,538.0,561.0,470.0,459.0,310.0,377.0,308.0,272.0,302.0,317.0,304.0,204.0,107.0,83.0,52.0,1.0,0.0,B
86,Varela,11.0,23.0,47.0,63.0,83.0,167.0,177.0,191.0,221.0,218.0,289.0,297.0,238.0,192.0,184.0,163.0,144.0,108.0,112.0,97.0,92.0,91.0,106.0,98.0,101.0,94.0,102.0,95.0,102.0,89.0,102.0,77.0,73.0,67.0,71.0,57.0,62.0,52.0,55.0,51.0,47.0,57.0,87.0,63.0,67.0,72.0,83.0,55.0,76.0,76.0,98.0,61.0,50.0,31.0,33.0,42.0,26.0,26.0,35.0,37.0,22.0,16.0,22.0,17.0,11.0,6.0,10.0,2.0,3.0,5.0,0.0,0.0,0.0,0.0,E
87,Venezuela,40.0,30.0,73.0,94.0,139.0,159.0,247.0,336.0,406.0,368.0,450.0,500.0,493.0,472.0,371.0,367.0,374.0,352.0,305.0,322.0,302.0,300.0,277.0,312.0,334.0,339.0,425.0,499.0,432.0,386.0,380.0,409.0,330.0,264.0,334.0,386.0,320.0,281.0,251.0,290.0,335.0,281.0,375.0,306.0,336.0,279.0,367.0,313.0,328.0,364.0,515.0,359.0,281.0,273.0,271.0,235.0,256.0,169.0,221.0,179.0,126.0,119.0,188.0,161.0,143.0,75.0,104.0,65.0,54.0,27.0,35.0,5.0,0.0,0.0,H
